fit_id,chain_to_exclude,max_rhat
33,2,1.0154518449686958
64,1,1.0258850440634073
135,2,1.0127163471507186
278,2,1.015584906504927
279,2,1.0108990254397183
